{
  "Random Forest": {
    "accuracy": {
      "mean": 0.9670833333333334,
      "std": 0.05350395883587597,
      "ci_95_lower": 0.9339212360769106,
      "ci_95_upper": 1.0002454305897561,
      "fold_scores": [
        1.0,
        1.0,
        0.9375,
        1.0,
        1.0,
        0.8666666666666667,
        0.8666666666666667,
        1.0,
        1.0,
        1.0
      ]
    },
    "precision": {
      "mean": 0.9677083333333334,
      "std": 0.05319031932076027,
      "ci_95_lower": 0.9347406318623819,
      "ci_95_upper": 1.000676034804285,
      "fold_scores": [
        1.0,
        1.0,
        0.94375,
        1.0,
        1.0,
        0.8666666666666667,
        0.8666666666666667,
        1.0,
        1.0,
        1.0
      ]
    },
    "recall": {
      "mean": 0.9670833333333334,
      "std": 0.05350395883587597,
      "ci_95_lower": 0.9339212360769106,
      "ci_95_upper": 1.0002454305897561,
      "fold_scores": [
        1.0,
        1.0,
        0.9375,
        1.0,
        1.0,
        0.8666666666666667,
        0.8666666666666667,
        1.0,
        1.0,
        1.0
      ]
    },
    "f1": {
      "mean": 0.9670074224021592,
      "std": 0.05354639922625507,
      "ci_95_lower": 0.933819020319253,
      "ci_95_upper": 1.0001958244850653,
      "fold_scores": [
        1.0,
        1.0,
        0.936740890688259,
        1.0,
        1.0,
        0.8666666666666667,
        0.8666666666666667,
        1.0,
        1.0,
        1.0
      ]
    }
  },
  "XGBoost": {
    "accuracy": {
      "mean": 0.9737500000000001,
      "std": 0.04386097037483577,
      "ci_95_lower": 0.9465646889131487,
      "ci_95_upper": 1.0009353110868515,
      "fold_scores": [
        1.0,
        1.0,
        0.9375,
        1.0,
        1.0,
        0.8666666666666667,
        0.9333333333333333,
        1.0,
        1.0,
        1.0
      ]
    },
    "precision": {
      "mean": 0.9751157407407408,
      "std": 0.04273316802779027,
      "ci_95_lower": 0.9486294487906503,
      "ci_95_upper": 1.0016020326908313,
      "fold_scores": [
        1.0,
        1.0,
        0.94375,
        1.0,
        1.0,
        0.8666666666666667,
        0.9407407407407408,
        1.0,
        1.0,
        1.0
      ]
    },
    "recall": {
      "mean": 0.9737500000000001,
      "std": 0.04386097037483577,
      "ci_95_lower": 0.9465646889131487,
      "ci_95_upper": 1.0009353110868515,
      "fold_scores": [
        1.0,
        1.0,
        0.9375,
        1.0,
        1.0,
        0.8666666666666667,
        0.9333333333333333,
        1.0,
        1.0,
        1.0
      ]
    },
    "f1": {
      "mean": 0.9736137572437882,
      "std": 0.043980001695696255,
      "ci_95_lower": 0.9463546697799206,
      "ci_95_upper": 1.0008728447076558,
      "fold_scores": [
        1.0,
        1.0,
        0.936740890688259,
        1.0,
        1.0,
        0.8666666666666667,
        0.9327300150829563,
        1.0,
        1.0,
        1.0
      ]
    }
  },
  "SVM": {
    "accuracy": {
      "mean": 0.9479166666666666,
      "std": 0.05692496279216077,
      "ci_95_lower": 0.9126342091905276,
      "ci_95_upper": 0.9831991241428056,
      "fold_scores": [
        1.0,
        0.9375,
        0.875,
        1.0,
        1.0,
        0.8666666666666667,
        0.8666666666666667,
        1.0,
        0.9333333333333333,
        1.0
      ]
    },
    "precision": {
      "mean": 0.94953125,
      "std": 0.056659605296858824,
      "ci_95_lower": 0.914413262803414,
      "ci_95_upper": 0.9846492371965861,
      "fold_scores": [
        1.0,
        0.9453125,
        0.875,
        1.0,
        1.0,
        0.8666666666666667,
        0.8666666666666667,
        1.0,
        0.9416666666666667,
        1.0
      ]
    },
    "recall": {
      "mean": 0.9479166666666666,
      "std": 0.05692496279216077,
      "ci_95_lower": 0.9126342091905276,
      "ci_95_upper": 0.9831991241428056,
      "fold_scores": [
        1.0,
        0.9375,
        0.875,
        1.0,
        1.0,
        0.8666666666666667,
        0.8666666666666667,
        1.0,
        0.9333333333333333,
        1.0
      ]
    },
    "f1": {
      "mean": 0.9479411764705882,
      "std": 0.056920525072668204,
      "ci_95_lower": 0.9126614695214871,
      "ci_95_upper": 0.9832208834196893,
      "fold_scores": [
        1.0,
        0.9377450980392157,
        0.875,
        1.0,
        1.0,
        0.8666666666666667,
        0.8666666666666667,
        1.0,
        0.9333333333333333,
        1.0
      ]
    }
  },
  "statistical_tests": {
    "anova": {
      "f_statistic": 0.604996214988645,
      "p_value": 0.5533128118716307,
      "significant": false
    }
  }
}