{
  "Random Forest": {
    "accuracy": {
      "mean": 0.906236559139785,
      "std": 0.048691515520292154,
      "ci_95_lower": 0.8760572451529508,
      "ci_95_upper": 0.9364158731266191,
      "fold_scores": [
        0.967741935483871,
        0.9354838709677419,
        0.8709677419354839,
        0.9032258064516129,
        0.9354838709677419,
        0.8709677419354839,
        0.8064516129032258,
        0.8709677419354839,
        0.967741935483871,
        0.9333333333333333
      ]
    },
    "precision": {
      "mean": 0.9121095397001959,
      "std": 0.04257262084937374,
      "ci_95_lower": 0.8857227559222245,
      "ci_95_upper": 0.9384963234781674,
      "fold_scores": [
        0.9688940092165899,
        0.9399332591768632,
        0.8709677419354839,
        0.9129032258064517,
        0.9399332591768632,
        0.8709677419354839,
        0.8443010752688171,
        0.8709677419354839,
        0.9688940092165899,
        0.9333333333333333
      ]
    },
    "recall": {
      "mean": 0.906236559139785,
      "std": 0.048691515520292154,
      "ci_95_lower": 0.8760572451529508,
      "ci_95_upper": 0.9364158731266191,
      "fold_scores": [
        0.967741935483871,
        0.9354838709677419,
        0.8709677419354839,
        0.9032258064516129,
        0.9354838709677419,
        0.8709677419354839,
        0.8064516129032258,
        0.8709677419354839,
        0.967741935483871,
        0.9333333333333333
      ]
    },
    "f1": {
      "mean": 0.9028289763434076,
      "std": 0.044891629998320255,
      "ci_95_lower": 0.8750048558036501,
      "ci_95_upper": 0.9306530968831652,
      "fold_scores": [
        0.9657310431503979,
        0.9258832565284179,
        0.8709677419354839,
        0.8767402376910018,
        0.9258832565284179,
        0.8709677419354839,
        0.8220843672456576,
        0.8709677419354839,
        0.9657310431503979,
        0.9333333333333333
      ]
    }
  },
  "XGBoost": {
    "accuracy": {
      "mean": 0.9094623655913978,
      "std": 0.05724996156507199,
      "ci_95_lower": 0.8739784717888637,
      "ci_95_upper": 0.944946259393932,
      "fold_scores": [
        0.9354838709677419,
        0.9354838709677419,
        0.9032258064516129,
        0.9354838709677419,
        0.967741935483871,
        0.8387096774193549,
        0.7741935483870968,
        0.9032258064516129,
        0.967741935483871,
        0.9333333333333333
      ]
    },
    "precision": {
      "mean": 0.9207084998798013,
      "std": 0.04167996483872129,
      "ci_95_lower": 0.8948749900293272,
      "ci_95_upper": 0.9465420097302754,
      "fold_scores": [
        0.9354838709677419,
        0.9399332591768632,
        0.9148883374689827,
        0.9399332591768632,
        0.9688940092165899,
        0.8555831265508685,
        0.8352534562211982,
        0.9148883374689827,
        0.9688940092165899,
        0.9333333333333333
      ]
    },
    "recall": {
      "mean": 0.9094623655913978,
      "std": 0.05724996156507199,
      "ci_95_lower": 0.8739784717888637,
      "ci_95_upper": 0.944946259393932,
      "fold_scores": [
        0.9354838709677419,
        0.9354838709677419,
        0.9032258064516129,
        0.9354838709677419,
        0.967741935483871,
        0.8387096774193549,
        0.7741935483870968,
        0.9032258064516129,
        0.967741935483871,
        0.9333333333333333
      ]
    },
    "f1": {
      "mean": 0.911191679165257,
      "std": 0.049447820303766,
      "ci_95_lower": 0.8805436026170955,
      "ci_95_upper": 0.9418397557134185,
      "fold_scores": [
        0.9354838709677419,
        0.9258832565284179,
        0.9076891864475554,
        0.9258832565284179,
        0.9657310431503979,
        0.8461486440792589,
        0.7983439710194927,
        0.9076891864475554,
        0.9657310431503979,
        0.9333333333333333
      ]
    }
  },
  "SVM": {
    "accuracy": {
      "mean": 0.5955913978494622,
      "std": 0.10963993666907679,
      "ci_95_lower": 0.5276358610608464,
      "ci_95_upper": 0.6635469346380781,
      "fold_scores": [
        0.5483870967741935,
        0.7096774193548387,
        0.7741935483870968,
        0.41935483870967744,
        0.5161290322580645,
        0.7096774193548387,
        0.5806451612903226,
        0.45161290322580644,
        0.6129032258064516,
        0.6333333333333333
      ]
    },
    "precision": {
      "mean": 0.8027562562497147,
      "std": 0.044791759860226446,
      "ci_95_lower": 0.774994035862853,
      "ci_95_upper": 0.8305184766365764,
      "fold_scores": [
        0.7869341284901058,
        0.8204626914304333,
        0.8743890518084066,
        0.7513096222773642,
        0.7357320099255583,
        0.8204626914304333,
        0.7520527859237537,
        0.818760611205433,
        0.8007923033389928,
        0.8666666666666667
      ]
    },
    "recall": {
      "mean": 0.5955913978494622,
      "std": 0.10963993666907679,
      "ci_95_lower": 0.5276358610608464,
      "ci_95_upper": 0.6635469346380781,
      "fold_scores": [
        0.5483870967741935,
        0.7096774193548387,
        0.7741935483870968,
        0.41935483870967744,
        0.5161290322580645,
        0.7096774193548387,
        0.5806451612903226,
        0.45161290322580644,
        0.6129032258064516,
        0.6333333333333333
      ]
    },
    "f1": {
      "mean": 0.6583248612533664,
      "std": 0.09430164353929578,
      "ci_95_lower": 0.5998760970397969,
      "ci_95_upper": 0.7167736254669359,
      "fold_scores": [
        0.6225154773541871,
        0.750696308299995,
        0.8060971286777739,
        0.5024926686217008,
        0.5958254269449716,
        0.750696308299995,
        0.6472660718371083,
        0.5249757255367353,
        0.6760168302945302,
        0.7066666666666668
      ]
    }
  },
  "statistical_tests": {
    "anova": {
      "f_statistic": 49.6688757712399,
      "p_value": 8.96836716965554e-10,
      "significant": true
    }
  }
}