{
  "Random Forest": {
    "accuracy": {
      "mean": 0.9949999999999999,
      "std": 0.010000000000000009,
      "ci_95_lower": 0.9888019357860699,
      "ci_95_upper": 1.00119806421393,
      "fold_scores": [
        1.0,
        1.0,
        1.0,
        1.0,
        1.0,
        1.0,
        1.0,
        1.0,
        0.975,
        0.975
      ]
    },
    "precision": {
      "mean": 0.9902000000000001,
      "std": 0.019600000000000017,
      "ci_95_lower": 0.9780517941406972,
      "ci_95_upper": 1.002348205859303,
      "fold_scores": [
        1.0,
        1.0,
        1.0,
        1.0,
        1.0,
        1.0,
        1.0,
        1.0,
        0.951,
        0.951
      ]
    },
    "recall": {
      "mean": 0.9949999999999999,
      "std": 0.010000000000000009,
      "ci_95_lower": 0.9888019357860699,
      "ci_95_upper": 1.00119806421393,
      "fold_scores": [
        1.0,
        1.0,
        1.0,
        1.0,
        1.0,
        1.0,
        1.0,
        1.0,
        0.975,
        0.975
      ]
    },
    "f1": {
      "mean": 0.9925510204081632,
      "std": 0.014897959183673494,
      "ci_95_lower": 0.9833171696404716,
      "ci_95_upper": 1.001784871175855,
      "fold_scores": [
        1.0,
        1.0,
        1.0,
        1.0,
        1.0,
        1.0,
        1.0,
        1.0,
        0.9627551020408163,
        0.9627551020408163
      ]
    }
  },
  "XGBoost": {
    "accuracy": {
      "mean": 0.9924999999999999,
      "std": 0.016007810593582136,
      "ci_95_lower": 0.9825782562016548,
      "ci_95_upper": 1.0024217437983451,
      "fold_scores": [
        1.0,
        1.0,
        1.0,
        1.0,
        1.0,
        1.0,
        1.0,
        1.0,
        0.975,
        0.95
      ]
    },
    "precision": {
      "mean": 0.9879846153846155,
      "std": 0.02453604521500764,
      "ci_95_lower": 0.9727770170047647,
      "ci_95_upper": 1.0031922137644662,
      "fold_scores": [
        1.0,
        1.0,
        1.0,
        1.0,
        1.0,
        1.0,
        1.0,
        1.0,
        0.951,
        0.9288461538461539
      ]
    },
    "recall": {
      "mean": 0.9924999999999999,
      "std": 0.016007810593582136,
      "ci_95_lower": 0.9825782562016548,
      "ci_95_upper": 1.0024217437983451,
      "fold_scores": [
        1.0,
        1.0,
        1.0,
        1.0,
        1.0,
        1.0,
        1.0,
        1.0,
        0.975,
        0.95
      ]
    },
    "f1": {
      "mean": 0.9900824067558057,
      "std": 0.02058895067389733,
      "ci_95_lower": 0.9773212429183804,
      "ci_95_upper": 1.002843570593231,
      "fold_scores": [
        1.0,
        1.0,
        1.0,
        1.0,
        1.0,
        1.0,
        1.0,
        1.0,
        0.9627551020408163,
        0.9380689655172414
      ]
    }
  },
  "SVM": {
    "accuracy": {
      "mean": 0.885,
      "std": 0.05612486080160913,
      "ci_95_lower": 0.8502134508753743,
      "ci_95_upper": 0.9197865491246258,
      "fold_scores": [
        0.925,
        0.875,
        0.95,
        0.85,
        0.825,
        0.975,
        0.85,
        0.825,
        0.825,
        0.95
      ]
    },
    "precision": {
      "mean": 0.9670075464396284,
      "std": 0.0332208780263753,
      "ci_95_lower": 0.9464170329145672,
      "ci_95_upper": 0.9875980599646895,
      "fold_scores": [
        1.0,
        1.0,
        1.0,
        0.9558823529411764,
        0.9558823529411764,
        1.0,
        0.9558823529411764,
        0.9765625,
        0.8993034055727553,
        0.9265625
      ]
    },
    "recall": {
      "mean": 0.885,
      "std": 0.05612486080160913,
      "ci_95_lower": 0.8502134508753743,
      "ci_95_upper": 0.9197865491246258,
      "fold_scores": [
        0.925,
        0.875,
        0.95,
        0.85,
        0.825,
        0.975,
        0.85,
        0.825,
        0.825,
        0.95
      ]
    },
    "f1": {
      "mean": 0.918730428528748,
      "std": 0.04319542410952865,
      "ci_95_lower": 0.891957627290868,
      "ci_95_upper": 0.9455032297666279,
      "fold_scores": [
        0.9601063829787234,
        0.9305555555555557,
        0.9739583333333334,
        0.8913352272727273,
        0.8748183139534884,
        0.9872448979591837,
        0.8913352272727273,
        0.88615903975994,
        0.8538880813953489,
        0.9379032258064516
      ]
    }
  },
  "statistical_tests": {
    "anova": {
      "f_statistic": 30.368983957219243,
      "p_value": 1.231341736280912e-07,
      "significant": true
    }
  }
}