{
  "Random Forest": {
    "accuracy": {
      "mean": 0.699853886616014,
      "std": 0.03159387642602644,
      "ci_95_lower": 0.6802717991304658,
      "ci_95_upper": 0.7194359741015622,
      "fold_scores": [
        0.711864406779661,
        0.6610169491525424,
        0.711864406779661,
        0.7068965517241379,
        0.6896551724137931,
        0.7413793103448276,
        0.7586206896551724,
        0.6896551724137931,
        0.6724137931034483,
        0.6551724137931034
      ]
    },
    "precision": {
      "mean": 0.6584437245969956,
      "std": 0.06321658550664007,
      "ci_95_lower": 0.6192616789614404,
      "ci_95_upper": 0.6976257702325509,
      "fold_scores": [
        0.6893256401009736,
        0.5585687382297552,
        0.6744765702891327,
        0.6800506903221503,
        0.6393103448275862,
        0.7205362502501167,
        0.7679895901106051,
        0.669378131447097,
        0.6326867816091954,
        0.5521145087833441
      ]
    },
    "recall": {
      "mean": 0.699853886616014,
      "std": 0.03159387642602644,
      "ci_95_lower": 0.6802717991304658,
      "ci_95_upper": 0.7194359741015622,
      "fold_scores": [
        0.711864406779661,
        0.6610169491525424,
        0.711864406779661,
        0.7068965517241379,
        0.6896551724137931,
        0.7413793103448276,
        0.7586206896551724,
        0.6896551724137931,
        0.6724137931034483,
        0.6551724137931034
      ]
    },
    "f1": {
      "mean": 0.6633277103953923,
      "std": 0.04481249289699301,
      "ci_95_lower": 0.6355526395392077,
      "ci_95_upper": 0.6911027812515769,
      "fold_scores": [
        0.6951188279408191,
        0.5897534668721109,
        0.6739420448332423,
        0.6879905864795443,
        0.651424287856072,
        0.7246975763054804,
        0.7081971586740479,
        0.6761828388131517,
        0.6428315180736723,
        0.5831387981057826
      ]
    }
  },
  "XGBoost": {
    "accuracy": {
      "mean": 0.6962010520163646,
      "std": 0.03594536544334468,
      "ci_95_lower": 0.6739218836952615,
      "ci_95_upper": 0.7184802203374677,
      "fold_scores": [
        0.7288135593220338,
        0.7288135593220338,
        0.7457627118644068,
        0.6379310344827587,
        0.7413793103448276,
        0.6724137931034483,
        0.6551724137931034,
        0.6896551724137931,
        0.6724137931034483,
        0.6896551724137931
      ]
    },
    "precision": {
      "mean": 0.6845698093591339,
      "std": 0.03821077479660072,
      "ci_95_lower": 0.6608865257737989,
      "ci_95_upper": 0.7082530929444689,
      "fold_scores": [
        0.7199280945043656,
        0.7122612096819908,
        0.7249394673123487,
        0.6308473670141673,
        0.7365410318096766,
        0.7053654639861536,
        0.6311229000884173,
        0.6792836140069499,
        0.6557881773399015,
        0.6496207678473689
      ]
    },
    "recall": {
      "mean": 0.6962010520163646,
      "std": 0.03594536544334468,
      "ci_95_lower": 0.6739218836952615,
      "ci_95_upper": 0.7184802203374677,
      "fold_scores": [
        0.7288135593220338,
        0.7288135593220338,
        0.7457627118644068,
        0.6379310344827587,
        0.7413793103448276,
        0.6724137931034483,
        0.6551724137931034,
        0.6896551724137931,
        0.6724137931034483,
        0.6896551724137931
      ]
    },
    "f1": {
      "mean": 0.6862007500475245,
      "std": 0.0356980487520081,
      "ci_95_lower": 0.6640748701998294,
      "ci_95_upper": 0.7083266298952196,
      "fold_scores": [
        0.7234923137564051,
        0.7168977914740626,
        0.7225843836013328,
        0.6342210299025062,
        0.7387293070732186,
        0.6841813441551549,
        0.640203154236835,
        0.6836514778325123,
        0.6623437806713343,
        0.6557029177718834
      ]
    }
  },
  "SVM": {
    "accuracy": {
      "mean": 0.5863822326125072,
      "std": 0.059120905800550135,
      "ci_95_lower": 0.5497387155587554,
      "ci_95_upper": 0.623025749666259,
      "fold_scores": [
        0.6779661016949152,
        0.559322033898305,
        0.6610169491525424,
        0.5517241379310345,
        0.5862068965517241,
        0.5,
        0.5,
        0.5689655172413793,
        0.6379310344827587,
        0.6206896551724138
      ]
    },
    "precision": {
      "mean": 0.766062920409727,
      "std": 0.04205282797536311,
      "ci_95_lower": 0.7399983075928617,
      "ci_95_upper": 0.7921275332265924,
      "fold_scores": [
        0.7941972693032014,
        0.7002421307506054,
        0.8442510306917087,
        0.7250087077673285,
        0.7390973630831643,
        0.7331420373027259,
        0.8152173913043478,
        0.7848659003831419,
        0.753564323607427,
        0.7710430499036195
      ]
    },
    "recall": {
      "mean": 0.5863822326125072,
      "std": 0.059120905800550135,
      "ci_95_lower": 0.5497387155587554,
      "ci_95_upper": 0.623025749666259,
      "fold_scores": [
        0.6779661016949152,
        0.559322033898305,
        0.6610169491525424,
        0.5517241379310345,
        0.5862068965517241,
        0.5,
        0.5,
        0.5689655172413793,
        0.6379310344827587,
        0.6206896551724138
      ]
    },
    "f1": {
      "mean": 0.5950466732170118,
      "std": 0.06609338540662875,
      "ci_95_lower": 0.5540815685303807,
      "ci_95_upper": 0.6360117779036428,
      "fold_scores": [
        0.6922533198983353,
        0.5755007704160247,
        0.6708254865034528,
        0.5678879310344828,
        0.6042633228840125,
        0.503716919417187,
        0.47828691224917635,
        0.5719134188481138,
        0.652819645614293,
        0.6329990053050397
      ]
    }
  },
  "statistical_tests": {
    "anova": {
      "f_statistic": 19.405675244952068,
      "p_value": 5.97516602745408e-06,
      "significant": true
    }
  }
}