{
  "Random Forest": {
    "accuracy": {
      "mean": 0.8185185185185185,
      "std": 0.08518518518518517,
      "ci_95_lower": 0.7657201937331887,
      "ci_95_upper": 0.8713168433038484,
      "fold_scores": [
        0.7777777777777778,
        0.8148148148148148,
        0.8518518518518519,
        0.9629629629629629,
        0.7777777777777778,
        0.6666666666666666,
        0.8148148148148148,
        0.7777777777777778,
        0.7777777777777778,
        0.9629629629629629
      ]
    },
    "precision": {
      "mean": 0.8262866409189937,
      "std": 0.08726778989937904,
      "ci_95_lower": 0.7721975043585833,
      "ci_95_upper": 0.8803757774794042,
      "fold_scores": [
        0.7803921568627451,
        0.835185185185185,
        0.857516339869281,
        0.9652777777777778,
        0.7777777777777778,
        0.6647727272727273,
        0.8611111111111112,
        0.7777777777777778,
        0.7777777777777778,
        0.9652777777777778
      ]
    },
    "recall": {
      "mean": 0.8185185185185185,
      "std": 0.08518518518518517,
      "ci_95_lower": 0.7657201937331887,
      "ci_95_upper": 0.8713168433038484,
      "fold_scores": [
        0.7777777777777778,
        0.8148148148148148,
        0.8518518518518519,
        0.9629629629629629,
        0.7777777777777778,
        0.6666666666666666,
        0.8148148148148148,
        0.7777777777777778,
        0.7777777777777778,
        0.9629629629629629
      ]
    },
    "f1": {
      "mean": 0.8166499688363386,
      "std": 0.08562686498422656,
      "ci_95_lower": 0.7635778880753633,
      "ci_95_upper": 0.8697220495973138,
      "fold_scores": [
        0.774621212121212,
        0.8148148148148148,
        0.8497474747474747,
        0.9627551815490105,
        0.7777777777777778,
        0.664796633941094,
        0.8036758563074352,
        0.7777777777777778,
        0.7777777777777778,
        0.9627551815490105
      ]
    }
  },
  "XGBoost": {
    "accuracy": {
      "mean": 0.8074074074074075,
      "std": 0.06153054713272649,
      "ci_95_lower": 0.7692703791827188,
      "ci_95_upper": 0.8455444356320961,
      "fold_scores": [
        0.7407407407407407,
        0.8518518518518519,
        0.8148148148148148,
        0.8888888888888888,
        0.7777777777777778,
        0.7407407407407407,
        0.7777777777777778,
        0.7407407407407407,
        0.8148148148148148,
        0.9259259259259259
      ]
    },
    "precision": {
      "mean": 0.813549247211528,
      "std": 0.06324423328151738,
      "ci_95_lower": 0.7743500653075664,
      "ci_95_upper": 0.8527484291154895,
      "fold_scores": [
        0.7469135802469137,
        0.8620268620268621,
        0.818070818070818,
        0.9074074074074074,
        0.7777777777777778,
        0.7442002442002441,
        0.7982456140350878,
        0.7398989898989898,
        0.8150252525252526,
        0.9259259259259259
      ]
    },
    "recall": {
      "mean": 0.8074074074074075,
      "std": 0.06153054713272649,
      "ci_95_lower": 0.7692703791827188,
      "ci_95_upper": 0.8455444356320961,
      "fold_scores": [
        0.7407407407407407,
        0.8518518518518519,
        0.8148148148148148,
        0.8888888888888888,
        0.7777777777777778,
        0.7407407407407407,
        0.7777777777777778,
        0.7407407407407407,
        0.8148148148148148,
        0.9259259259259259
      ]
    },
    "f1": {
      "mean": 0.8054443414736095,
      "std": 0.062497844203648706,
      "ci_95_lower": 0.7667077763129686,
      "ci_95_upper": 0.8441809066342505,
      "fold_scores": [
        0.734006734006734,
        0.8522588522588521,
        0.8153256704980844,
        0.886002886002886,
        0.7777777777777778,
        0.741455938697318,
        0.7686274509803921,
        0.7392862708430732,
        0.8137759077450523,
        0.9259259259259259
      ]
    }
  },
  "SVM": {
    "accuracy": {
      "mean": 0.6777777777777778,
      "std": 0.12728029835140434,
      "ci_95_lower": 0.5988886315427603,
      "ci_95_upper": 0.7566669240127953,
      "fold_scores": [
        0.7037037037037037,
        0.7777777777777778,
        0.5555555555555556,
        0.8518518518518519,
        0.5185185185185185,
        0.48148148148148145,
        0.7037037037037037,
        0.5925925925925926,
        0.7407407407407407,
        0.8518518518518519
      ]
    },
    "precision": {
      "mean": 0.68269788309004,
      "std": 0.12812886991539343,
      "ci_95_lower": 0.6032827867506505,
      "ci_95_upper": 0.7621129794294295,
      "fold_scores": [
        0.7032679738562092,
        0.7777777777777778,
        0.5555555555555556,
        0.8518518518518519,
        0.5225885225885226,
        0.48148148148148145,
        0.7407407407407407,
        0.5949494949494949,
        0.7469135802469137,
        0.8518518518518519
      ]
    },
    "recall": {
      "mean": 0.6777777777777778,
      "std": 0.12728029835140434,
      "ci_95_lower": 0.5988886315427603,
      "ci_95_upper": 0.7566669240127953,
      "fold_scores": [
        0.7037037037037037,
        0.7777777777777778,
        0.5555555555555556,
        0.8518518518518519,
        0.5185185185185185,
        0.48148148148148145,
        0.7037037037037037,
        0.5925925925925926,
        0.7407407407407407,
        0.8518518518518519
      ]
    },
    "f1": {
      "mean": 0.6698132426482662,
      "std": 0.13002056952545324,
      "ci_95_lower": 0.589225658743215,
      "ci_95_upper": 0.7504008265533175,
      "fold_scores": [
        0.6994949494949496,
        0.7777777777777778,
        0.5555555555555556,
        0.8518518518518519,
        0.5198467432950191,
        0.48148148148148145,
        0.6790123456790123,
        0.5472531354884297,
        0.734006734006734,
        0.8518518518518519
      ]
    }
  },
  "statistical_tests": {
    "anova": {
      "f_statistic": 6.06797583081571,
      "p_value": 0.006662484020747939,
      "significant": true
    }
  }
}