{
  "Random Forest": {
    "accuracy": {
      "mean": 0.7577067669172932,
      "std": 0.043100594939115215,
      "ci_95_lower": 0.7309927414081708,
      "ci_95_upper": 0.7844207924264156,
      "fold_scores": [
        0.7922077922077922,
        0.7792207792207793,
        0.7142857142857143,
        0.7922077922077922,
        0.8441558441558441,
        0.7402597402597403,
        0.7402597402597403,
        0.7402597402597403,
        0.75,
        0.6842105263157895
      ]
    },
    "precision": {
      "mean": 0.7550876019203291,
      "std": 0.04582562423194608,
      "ci_95_lower": 0.7266845857570261,
      "ci_95_upper": 0.7834906180836321,
      "fold_scores": [
        0.788276136102223,
        0.7790006603565925,
        0.7064642282033586,
        0.788961038961039,
        0.8455473098330242,
        0.7323747680890539,
        0.7325288141985057,
        0.7513342197774174,
        0.7524565381708238,
        0.6739323055112528
      ]
    },
    "recall": {
      "mean": 0.7577067669172932,
      "std": 0.043100594939115215,
      "ci_95_lower": 0.7309927414081708,
      "ci_95_upper": 0.7844207924264156,
      "fold_scores": [
        0.7922077922077922,
        0.7792207792207793,
        0.7142857142857143,
        0.7922077922077922,
        0.8441558441558441,
        0.7402597402597403,
        0.7402597402597403,
        0.7402597402597403,
        0.75,
        0.6842105263157895
      ]
    },
    "f1": {
      "mean": 0.7517126480387943,
      "std": 0.043290033874614026,
      "ci_95_lower": 0.724881207060988,
      "ci_95_upper": 0.7785440890166007,
      "fold_scores": [
        0.7878921078921078,
        0.7662575956153937,
        0.7083516483516483,
        0.7851016907620681,
        0.8388262680715511,
        0.7313771134525852,
        0.7272936403371186,
        0.7438050455291836,
        0.7510958643034115,
        0.6771255060728744
      ]
    }
  },
  "XGBoost": {
    "accuracy": {
      "mean": 0.7446343130553658,
      "std": 0.05524674362294664,
      "ci_95_lower": 0.7103920265968106,
      "ci_95_upper": 0.778876599513921,
      "fold_scores": [
        0.7532467532467533,
        0.7532467532467533,
        0.7142857142857143,
        0.8441558441558441,
        0.8051948051948052,
        0.7142857142857143,
        0.7142857142857143,
        0.7792207792207793,
        0.7368421052631579,
        0.631578947368421
      ]
    },
    "precision": {
      "mean": 0.7415325742680621,
      "std": 0.05864348612795964,
      "ci_95_lower": 0.7051849649930813,
      "ci_95_upper": 0.7778801835430429,
      "fold_scores": [
        0.755499602438378,
        0.7467532467532467,
        0.70989010989011,
        0.8428174080347993,
        0.8070500927643784,
        0.70989010989011,
        0.7142857142857143,
        0.7812748476013783,
        0.7293992557150453,
        0.6184653553074606
      ]
    },
    "recall": {
      "mean": 0.7446343130553658,
      "std": 0.05524674362294664,
      "ci_95_lower": 0.7103920265968106,
      "ci_95_upper": 0.778876599513921,
      "fold_scores": [
        0.7532467532467533,
        0.7532467532467533,
        0.7142857142857143,
        0.8441558441558441,
        0.8051948051948052,
        0.7142857142857143,
        0.7142857142857143,
        0.7792207792207793,
        0.7368421052631579,
        0.631578947368421
      ]
    },
    "f1": {
      "mean": 0.7419511294444119,
      "std": 0.05685768965277315,
      "ci_95_lower": 0.7067103682920526,
      "ci_95_upper": 0.7771918905967712,
      "fold_scores": [
        0.754243736061918,
        0.7465323791854402,
        0.7115923292393881,
        0.8409190809190809,
        0.8059818968909879,
        0.7115923292393881,
        0.7142857142857143,
        0.7801128164764528,
        0.7309379217273955,
        0.6233130904183536
      ]
    }
  },
  "SVM": {
    "accuracy": {
      "mean": 0.7290498974709502,
      "std": 0.046437359969072646,
      "ci_95_lower": 0.7002677235695806,
      "ci_95_upper": 0.7578320713723198,
      "fold_scores": [
        0.7532467532467533,
        0.7142857142857143,
        0.6753246753246753,
        0.8311688311688312,
        0.7792207792207793,
        0.7402597402597403,
        0.7142857142857143,
        0.7142857142857143,
        0.6710526315789473,
        0.6973684210526315
      ]
    },
    "precision": {
      "mean": 0.7432345272041749,
      "std": 0.04112694546208428,
      "ci_95_lower": 0.7177437823144953,
      "ci_95_upper": 0.7687252720938546,
      "fold_scores": [
        0.7674963924963925,
        0.7142857142857143,
        0.6913329725829727,
        0.8328253379273788,
        0.7928841991341992,
        0.7402597402597403,
        0.7142857142857143,
        0.7331759149940968,
        0.7391344214194021,
        0.7066648646561378
      ]
    },
    "recall": {
      "mean": 0.7290498974709502,
      "std": 0.046437359969072646,
      "ci_95_lower": 0.7002677235695806,
      "ci_95_upper": 0.7578320713723198,
      "fold_scores": [
        0.7532467532467533,
        0.7142857142857143,
        0.6753246753246753,
        0.8311688311688312,
        0.7792207792207793,
        0.7402597402597403,
        0.7142857142857143,
        0.7142857142857143,
        0.6710526315789473,
        0.6973684210526315
      ]
    },
    "f1": {
      "mean": 0.7320440264959436,
      "std": 0.04524811287032255,
      "ci_95_lower": 0.7039989555830023,
      "ci_95_upper": 0.7600890974088849,
      "fold_scores": [
        0.7572088928021131,
        0.7142857142857143,
        0.6805380168448857,
        0.8318509773055228,
        0.7827658514545224,
        0.7402597402597404,
        0.7142857142857143,
        0.719452887537994,
        0.6788503303913866,
        0.7009421397918414
      ]
    }
  },
  "statistical_tests": {
    "anova": {
      "f_statistic": 0.7864671070979868,
      "p_value": 0.46560802701703646,
      "significant": false
    }
  }
}