{
  "accuracy": 0.985,
  "precision": 0.9851020853805,
  "recall": 0.985,
  "f1_score": 0.9850242339604043,
  "model_type": "LGB",
  "individual_scores": {
    "rf": {
      "accuracy": 0.9775,
      "f1_score": 0.9775539774863133
    },
    "xgb": {
      "accuracy": 0.98,
      "f1_score": 0.9800323119472054
    },
    "lgb": {
      "accuracy": 0.985,
      "f1_score": 0.9850242339604043
    },
    "svm": {
      "accuracy": 0.975,
      "f1_score": 0.9750403899340069
    }
  },
  "best_params": {},
  "training_samples": 1600,
  "test_samples": 400
}