{
  "accuracy": 0.9975,
  "precision": 0.9975077881619937,
  "recall": 0.9975,
  "f1_score": 0.997494088442783,
  "model_type": "RF",
  "individual_scores": {
    "rf": {
      "accuracy": 0.9975,
      "f1_score": 0.997494088442783
    },
    "xgb": {
      "accuracy": 0.9925,
      "f1_score": 0.9924458400610198
    },
    "gb": {
      "accuracy": 0.9875,
      "f1_score": 0.9874097334350327
    },
    "lr": {
      "accuracy": 0.9875,
      "f1_score": 0.9875290389681084
    }
  },
  "best_params": {
    "max_depth": 10,
    "min_samples_split": 10,
    "n_estimators": 100
  },
  "training_samples": 1600,
  "test_samples": 400
}