{
  "accuracy": 0.967741935483871,
  "precision": 0.9695340501792115,
  "recall": 0.967741935483871,
  "f1_score": 0.9676053934118449
}